<?xml version="1.0" encoding="UTF-8"?>
<!DOCTYPE mapper
 PUBLIC "-//mybatis.org//DTD Mapper 3.0//EN"
 "http://mybatis.org/dtd/mybatis-3-mapper.dtd">
<mapper namespace="edu.njust.dao.CourseMsgMapper">
<insert id="addCourseMsg1">
insert into coursemsg1(courseid,account)
    value(#{courseid},#{account})
</insert>
<insert id="addCourseMsg2">
insert into coursemsg2(courseid,account)
    value(#{courseid},#{account})
</insert>
 <select id="getCourseMsgs1" resultType="CourseMsg">
   select * from coursemsg1 
   where account=#{account}
 </select>
 <select id="getCourseMsgs1Byid" resultType="CourseMsg">
   select * from coursemsg1 
   where courseid=#{courseid}
 </select>
  <select id="getCourseMsgs2" resultType="CourseMsg">
   select * from coursemsg2 
   where account=#{account}
 </select>
<delete id="delCourseMsg">
delete from coursemsg1
where courseid=#{courseid} and account=#{account}
</delete>
<delete id="delCourseMsg1byCourse">
delete from coursemsg1
where courseid=#{courseid}
</delete>
 </mapper>