<?xml version="1.0" encoding="UTF-8"?>
<!DOCTYPE mapper
 PUBLIC "-//mybatis.org//DTD Mapper 3.0//EN"
 "http://mybatis.org/dtd/mybatis-3-mapper.dtd">
<mapper namespace="edu.njust.dao.CourseMapper">

<insert id="addCourse">
insert into course(id,type,teacheracc,teachername)
    value(#{id},#{type},#{teacheracc},#{teachername})

</insert>
<select id="getCourse" resultType="Course">
   select * from course
   where id=#{id}
 </select>
 <select id="getCourses" resultType="Course">
   select * from course 
   order by id
 </select>
<delete id="delCourse">
delete from course
where id=#{id}
</delete>
<update id="bookCourse">
update  course
set studentnum=studentnum+1
where id=#{id}
</update>
<update id="changeStatus">
update  course
set coursestatus=0
where id=#{id}
</update>
<update id="changeIfdel">
update  course
set courseifdel=1
where id=#{id}
</update>
<update id="returnIfdel">
update  course
set courseifdel=0
where id=#{id}
</update>
<update id="delbookCourse">
update  course
set studentnum=studentnum-1
where id=#{id}
</update>
<select id="getStatus" resultType="Integer">
select coursestatus from course
where id=#{id}
</select>
<update id="resetStuNum">
update course
set studentnum=0
where id>0
</update>
 </mapper>