<?xml version="1.0" encoding="UTF-8"?>
<!DOCTYPE mapper
 PUBLIC "-//mybatis.org//DTD Mapper 3.0//EN"
 "http://mybatis.org/dtd/mybatis-3-mapper.dtd">
<mapper namespace="edu.njust.dao.InformerMapper">

<insert id="addInformer">
insert into informer(name,pwd,phone)
    value(#{name},#{pwd},#{phone})

</insert>
<select id="getInformers" resultType="Informer">
   select *from  informer 
 </select>
 <select id="getInformer" resultType="Informer">
   select * from  informer 
   where account=#{account};
 </select>
 <update id="updateInformerPwd">
  update informer
         set  pwd=#{pwd}
         where account=#{account}
 </update>
 <delete id="delInformer">
 delete from informer
 where account=#{account}
 </delete>
 </mapper>