<?xml version="1.0" encoding="UTF-8" ?>
<!DOCTYPE configuration
 PUBLIC "-//mybatis.org//DTD Config 3.0//EN"
 "http://mybatis.org/dtd/mybatis-3-config.dtd">
<configuration>
	<properties resource="dbconf.properties"></properties>
	<settings>
	<setting name="mapUnderscoreToCamelCase" value="true"/>
	</settings>
	<typeAliases>
	    <package name="edu.njust.entity"/>
	</typeAliases>
	<environments default="development">
		<environment id="development">
			<transactionManager type="JDBC" />
			<dataSource type="POOLED">
				<property name="driver" value="${jdbc.driver}" />
				<property name="url" value="${jdbc.url}" />
				<property name="username" value="${jdbc.username}" />
				<property name="password" value="${jdbc.password}" />
			</dataSource>
		</environment>
	</environments>

	<mappers>
		<mapper resource="StudentMapper.xml" />
		<mapper resource="ParentMapper.xml" />
	    <mapper resource="TeacherMapper.xml"/>
	    <mapper resource="CourseMapper.xml"/>
	    <mapper resource="InformerMapper.xml"/>
	    <mapper resource="CourseMsgMapper.xml"/>
	    <mapper resource="CourseMsgFinMapper.xml"/>
	    <mapper resource="MsgMapper.xml"/>
	    <mapper resource="AdministratorMapper.xml"/>
	    <mapper resource="NoticeMapper.xml"/>
	</mappers>

</configuration>