<?xml version="1.0" encoding="UTF-8"?>
<!DOCTYPE mapper
 PUBLIC "-//mybatis.org//DTD Mapper 3.0//EN"
 "http://mybatis.org/dtd/mybatis-3-mapper.dtd">
<mapper namespace="edu.njust.dao.ParentMapper">

<insert id="addParent">
insert into parents(name,pwd, chindaccount,chindname,email, phone )
    value(#{name},#{pwd},#{chindaccount},#{chindname},#{email},#{phone})

</insert>
<select id="getParents" resultType="Parent">
   select *from  parents 
 </select>
 <select id="getParent" resultType="Parent">
   select * from  parents 
   where account=#{account};
 </select>
 <select id="getParentbyTel" resultType="Parent">
   select * from  parents 
   where phone=#{phone};
 </select>
 <update id="updateParentPwd">
  update parents
         set  pwd=#{pwd}
         where account=#{account}
 </update>
 <delete id="delParent">
 delete from parents
 where account=#{account}
 </delete>
 </mapper>