<?xml version="1.0" encoding="UTF-8"?>
<!DOCTYPE mapper
 PUBLIC "-//mybatis.org//DTD Mapper 3.0//EN"
 "http://mybatis.org/dtd/mybatis-3-mapper.dtd">
<mapper namespace="edu.njust.dao.StudentMapper">

<insert id="addStudent">
insert into student(name,pwd, brithday ,email, phone, accstatus)
    value(#{name},#{pwd},#{brithday},#{email},#{phone},#{accstatus})

</insert>
<select id="getStudents" resultType="Student">
   select * from  student  
   order by accstatus
 </select>
 <select id="getStudent" resultType="Student">
   select * from  student 
   where account=#{account};
 </select>
 <select id="getStudentStatus" resultType="Integer">
   select accstatus from  student 
   where account=#{account};
 </select>
 <select id="getPhonebyAccount" resultType="String">
   select phone from  student 
   where account=#{account};
 </select>
  <select id="getParentNum" resultType="Integer">
   select parentsnum from  student 
   where account=#{account};
 </select>
 <update id="newParent">
 update student
        set parentsnum=parentsnum-1
        where account=#{account}
 </update>
 <select id="getStudentbyTel" resultType="Student">
   select * from  student 
   where phone=#{phone};
 </select>
  <select id="addParent" resultType="Student">
   select * from  student 
where name=#{name} and account=#{account}
 </select>
 <update id="addClasstime1">
 update student
        set classtime=classtime+10
        where account=#{account}
 </update>
 <delete id="delStudent">
 delete from student
where account=#{account}
 </delete>
  <update id="addClasstime2">
 update student
        set classtime=classtime+20
        where account=#{account}
 </update>
 <update id="updateStudentPwd">
  update student
         set  pwd=#{pwd}
         where account=#{account}
 </update>
 <update id="changeStatus9">
 update student
       set accstatus=9
       where account=#{account}
 </update>
  <update id="changeStatus1">
 update student
       set accstatus=1
       where account=#{account}
 </update>
  <update id="changeStatus2">
 update student
       set accstatus=2
       where account=#{account}
 </update>
  <update id="haveClass">
  update student
         set  classtime=classtime-1
         where account=#{account}
 </update>
 </mapper>