<?xml version="1.0" encoding="UTF-8"?>
<!DOCTYPE mapper
 PUBLIC "-//mybatis.org//DTD Mapper 3.0//EN"
 "http://mybatis.org/dtd/mybatis-3-mapper.dtd">
<mapper namespace="edu.njust.dao.TeacherMapper">

<insert id="addTeacher">
insert into teacher(name,pwd,phone)
    value(#{name},#{pwd},#{phone})

</insert>
<select id="getTeachers" resultType="Teacher">
   select * from teacher 
 </select>
 <select id="getTeacher" resultType="Teacher">
   select * from teacher 
   where account=#{account};
 </select>
 <update id="updateTeacherPwd">
  update teacher
         set  pwd=#{pwd}
         where account=#{account};
 </update>
 <delete id="delTeacher">
 delete from teacher
where account=#{account};
 </delete>
   <update id="haveClass">
  update teacher
         set  teachcousenum=teachcousenum+1
         where account=#{account}
 </update>
 <update id="haveStu">
  update teacher
         set  teachstunum=teachstunum+1
         where account=#{account}
 </update>
 </mapper>