<?xml version="1.0" encoding="UTF-8"?>
<GenRun Id="impl_1" LaunchPart="xc7z020clg484-1" LaunchTime="1613526275">
  <File Type="BITSTR-BMM" Name="t3_1240_wrapper_bd.bmm"/>
  <File Type="ROUTE-PWR" Name="t3_1240_wrapper_power_routed.rpt"/>
  <File Type="PA-TCL" Name="t3_1240_wrapper.tcl"/>
  <File Type="OPT-DCP" Name="t3_1240_wrapper_opt.dcp"/>
  <File Type="ROUTE-PWR-SUM" Name="t3_1240_wrapper_power_summary_routed.pb"/>
  <File Type="REPORTS-TCL" Name="t3_1240_wrapper_reports.tcl"/>
  <File Type="OPT-DRC" Name="t3_1240_wrapper_drc_opted.rpt"/>
  <File Type="OPT-HWDEF" Name="t3_1240_wrapper.hwdef"/>
  <File Type="PWROPT-DCP" Name="t3_1240_wrapper_pwropt.dcp"/>
  <File Type="PLACE-DCP" Name="t3_1240_wrapper_placed.dcp"/>
  <File Type="PLACE-IO" Name="t3_1240_wrapper_io_placed.rpt"/>
  <File Type="PLACE-UTIL" Name="t3_1240_wrapper_utilization_placed.rpt"/>
  <File Type="PLACE-UTIL-PB" Name="t3_1240_wrapper_utilization_placed.pb"/>
  <File Type="PLACE-CTRL" Name="t3_1240_wrapper_control_sets_placed.rpt"/>
  <File Type="PLACE-PRE-SIMILARITY" Name="t3_1240_wrapper_incremental_reuse_pre_placed.rpt"/>
  <File Type="BG-BGN" Name="t3_1240_wrapper.bgn"/>
  <File Type="POSTPLACE-PWROPT-DCP" Name="t3_1240_wrapper_postplace_pwropt.dcp"/>
  <File Type="BG-BIN" Name="t3_1240_wrapper.bin"/>
  <File Type="PHYSOPT-DCP" Name="t3_1240_wrapper_physopt.dcp"/>
  <File Type="BITSTR-MSK" Name="t3_1240_wrapper.msk"/>
  <File Type="ROUTE-ERROR-DCP" Name="t3_1240_wrapper_routed_error.dcp"/>
  <File Type="ROUTE-DCP" Name="t3_1240_wrapper_routed.dcp"/>
  <File Type="ROUTE-BLACKBOX-DCP" Name="t3_1240_wrapper_routed_bb.dcp"/>
  <File Type="ROUTE-DRC" Name="t3_1240_wrapper_drc_routed.rpt"/>
  <File Type="ROUTE-DRC-PB" Name="t3_1240_wrapper_drc_routed.pb"/>
  <File Type="BITSTR-LTX" Name="t3_1240_wrapper.ltx"/>
  <File Type="ROUTE-DRC-RPX" Name="t3_1240_wrapper_drc_routed.rpx"/>
  <File Type="BITSTR-MMI" Name="t3_1240_wrapper.mmi"/>
  <File Type="ROUTE-METHODOLOGY-DRC" Name="t3_1240_wrapper_methodology_drc_routed.rpt"/>
  <File Type="ROUTE-METHODOLOGY-DRC-RPX" Name="t3_1240_wrapper_methodology_drc_routed.rpx"/>
  <File Type="BITSTR-SYSDEF" Name="t3_1240_wrapper.sysdef"/>
  <File Type="ROUTE-METHODOLOGY-DRC-PB" Name="t3_1240_wrapper_methodology_drc_routed.pb"/>
  <File Type="ROUTE-PWR-RPX" Name="t3_1240_wrapper_power_routed.rpx"/>
  <File Type="ROUTE-STATUS" Name="t3_1240_wrapper_route_status.rpt"/>
  <File Type="ROUTE-STATUS-PB" Name="t3_1240_wrapper_route_status.pb"/>
  <File Type="ROUTE-TIMINGSUMMARY" Name="t3_1240_wrapper_timing_summary_routed.rpt"/>
  <File Type="ROUTE-TIMING-PB" Name="t3_1240_wrapper_timing_summary_routed.pb"/>
  <File Type="ROUTE-TIMING-RPX" Name="t3_1240_wrapper_timing_summary_routed.rpx"/>
  <File Type="RDI-RDI" Name="t3_1240_wrapper.vdi"/>
  <File Type="ROUTE-CLK" Name="t3_1240_wrapper_clock_utilization_routed.rpt"/>
  <File Type="ROUTE-BUS-SKEW" Name="t3_1240_wrapper_bus_skew_routed.rpt"/>
  <File Type="ROUTE-BUS-SKEW-PB" Name="t3_1240_wrapper_bus_skew_routed.pb"/>
  <File Type="ROUTE-BUS-SKEW-RPX" Name="t3_1240_wrapper_bus_skew_routed.rpx"/>
  <File Type="POSTROUTE-PHYSOPT-DCP" Name="t3_1240_wrapper_postroute_physopt.dcp"/>
  <File Type="POSTROUTE-PHYSOPT-BLACKBOX-DCP" Name="t3_1240_wrapper_postroute_physopt_bb.dcp"/>
  <File Type="BG-BIT" Name="t3_1240_wrapper.bit"/>
  <File Type="BITSTR-RBT" Name="t3_1240_wrapper.rbt"/>
  <File Type="BITSTR-NKY" Name="t3_1240_wrapper.nky"/>
  <File Type="BG-DRC" Name="t3_1240_wrapper.drc"/>
  <File Type="WBT-USG" Name="usage_statistics_webtalk.html"/>
  <FileSet Name="sources" Type="DesignSrcs" RelSrcDir="$PSRCDIR/sources_1">
    <Filter Type="Srcs"/>
    <File Path="$PSRCDIR/sources_1/bd/t3_1240/t3_1240.bd">
      <FileInfo>
        <Attr Name="UsedIn" Val="synthesis"/>
        <Attr Name="UsedIn" Val="implementation"/>
        <Attr Name="UsedIn" Val="simulation"/>
      </FileInfo>
    </File>
    <File Path="$PSRCDIR/sources_1/bd/t3_1240/hdl/t3_1240_wrapper.v">
      <FileInfo>
        <Attr Name="UsedIn" Val="synthesis"/>
        <Attr Name="UsedIn" Val="implementation"/>
        <Attr Name="UsedIn" Val="simulation"/>
      </FileInfo>
    </File>
    <Config>
      <Option Name="DesignMode" Val="RTL"/>
      <Option Name="TopModule" Val="t3_1240_wrapper"/>
      <Option Name="TopAutoSet" Val="TRUE"/>
    </Config>
  </FileSet>
  <FileSet Name="constrs_in" Type="Constrs" RelSrcDir="$PSRCDIR/constrs_1">
    <Filter Type="Constrs"/>
    <File Path="$PSRCDIR/constrs_1/new/t3_1240.xdc">
      <FileInfo>
        <Attr Name="UsedIn" Val="synthesis"/>
        <Attr Name="UsedIn" Val="implementation"/>
      </FileInfo>
    </File>
    <Config>
      <Option Name="ConstrsType" Val="XDC"/>
    </Config>
  </FileSet>
  <FileSet Name="utils" Type="Utils" RelSrcDir="$PSRCDIR/utils_1">
    <Filter Type="Utils"/>
    <Config>
      <Option Name="TopAutoSet" Val="TRUE"/>
    </Config>
  </FileSet>
  <Strategy Version="1" Minor="2">
    <StratHandle Name="Vivado Implementation Defaults" Flow="Vivado Implementation 2019"/>
    <Step Id="init_design"/>
    <Step Id="opt_design"/>
    <Step Id="power_opt_design"/>
    <Step Id="place_design"/>
    <Step Id="post_place_power_opt_design"/>
    <Step Id="phys_opt_design"/>
    <Step Id="route_design"/>
    <Step Id="post_route_phys_opt_design"/>
    <Step Id="write_bitstream"/>
    <Step Id="write_device_image"/>
  </Strategy>
  <BlockFileSet Type="BlockSrcs" Name="t3_1240_processing_system7_0_0"/>
</GenRun>
